[
  {
    "id": "m3m-lnR90uM",
    "created_at": "2017-04-14T00:59:12-04:00",
    "updated_at": "2020-04-14T01:05:34-04:00",
    "color": "#E0E4EF",
    "description": "I shot this while doing a job for a luxury automotive storage facility in Baltimore, MD. I wanted to create an ominous sense of intrigue, giving the feeling of a space that was both expansive and enclosed. I enjoy the journey my eyes take from the focal point of the headlamps to the contours of the Camero’s body, and then to the backdrop of stacked automobiles.",
    "alt_description": "white car",
    "categories": [],
    "likes": 995,
    "user": {
      "id": "9aTMQdp_Djo",
      "updated_at": "2020-04-20T01:34:56-04:00",
      "username": "peterbroomfield",
      "name": "Peter Broomfield",
      "first_name": "Peter",
      "last_name": "Broomfield",
      "bio": "Some days you get the bear, and some days the bear gets you. Maybe if we felt any human loss as keenly as we feel one of those close to us, human history would be far less bloody.",
      "location": "Baltimore, MD",
      "profile_image": "https://motorway-ui-test.s3.eu-west-2.amazonaws.com/avatars/warmachine",
      "total_collections": 36,
      "total_likes": 126,
      "total_photos": 1
    },
    "url": "https://motorway-ui-test.s3.eu-west-2.amazonaws.com/car-images/m3m-lnR90uM"
  },
  {
    "id": "oUBjd22gF6w",
    "created_at": "2018-05-06T08:17:17-04:00",
    "updated_at": "2020-04-14T01:07:44-04:00",
    "color": "#F58313",
    "description": null,
    "alt_description": "orange Lamborghini car",
    "categories": [],
    "likes": 463,
    "user": {
      "id": "BXNy-9HI7Qk",
      "updated_at": "2020-04-15T16:16:12-04:00",
      "username": "marcusp",
      "name": "Marcus P.",
      "first_name": "Marcus",
      "last_name": "P.",
      "bio": "They were just sucked into space.",
      "location": null,
      "profile_image": "https://motorway-ui-test.s3.eu-west-2.amazonaws.com/avatars/thanos",
      "total_collections": 0,
      "total_likes": 210,
      "total_photos": 80
    },
    "url": "https://motorway-ui-test.s3.eu-west-2.amazonaws.com/car-images/oUBjd22gF6w"
  },
  {
    "id": "YApS6TjKJ9c",
    "created_at": "2017-12-26T14:28:36-05:00",
    "updated_at": "2020-04-14T01:02:23-04:00",
    "color": "#F8B700",
    "description": "Mercedes Benz AMG C63S",
    "alt_description": "black Mercedes-Benz car",
    "categories": [],
    "likes": 682,
    "user": {
      "id": "nuKDH32RDaA",
      "updated_at": "2020-04-18T12:34:03-04:00",
      "username": "dhivakrishna",
      "name": "Dhiva Krishna",
      "first_name": "Dhiva",
      "last_name": "Krishna",
      "bio": "Earl Grey tea, watercress sandwiches... and Bularian canapÃƒÂ©s? Are you up for promotion?",
      "location": null,
      "profile_image": "https://motorway-ui-test.s3.eu-west-2.amazonaws.com/avatars/thanos",
      "total_collections": 0,
      "total_likes": 6,
      "total_photos": 8
    },
    "url": "https://motorway-ui-test.s3.eu-west-2.amazonaws.com/car-images/YApS6TjKJ9c"
  },
  {
    "id": "YApiWyp0lqo",
    "created_at": "2017-05-16T19:13:43-04:00",
    "updated_at": "2020-04-14T01:10:18-04:00",
    "color": "#040404",
    "description": "Black sports car front",
    "alt_description": "black Shelby car on road",
    "categories": [],
    "likes": 443,
    "user": {
      "id": "D06447QRcTc",
      "updated_at": "2020-04-13T22:51:17-04:00",
      "username": "joeyabanks",
      "name": "Joey Banks",
      "first_name": "Joey",
      "last_name": "Banks",
      "bio": "Talk about going nowhere fast.",
      "location": "San Francisco, CA",
      "profile_image": "https://motorway-ui-test.s3.eu-west-2.amazonaws.com/avatars/widow",
      "total_collections": 1,
      "total_likes": 498,
      "total_photos": 73
    },
    "url": "https://motorway-ui-test.s3.eu-west-2.amazonaws.com/car-images/YApiWyp0lqo"
  },
  {
    "id": "tMzCrBkM99Y",
    "created_at": "2017-07-20T02:21:08-04:00",
    "updated_at": "2020-04-14T01:01:15-04:00",
    "color": "#DF8A65",
    "description": "Valley of Fires",
    "alt_description": "black concrete road surrounded by brown rocks",
    "categories": [],
    "likes": 4178,
    "user": {
      "id": "Ev2n9fB9hXc",
      "updated_at": "2020-04-20T00:30:41-04:00",
      "username": "jakeblucker",
      "name": "Jake Blucker",
      "first_name": "Jake",
      "last_name": "Blucker",
      "bio": "Mr. Crusher, ready a collision course with the Borg ship.",
      "location": "Ohio",
      "profile_image": "https://motorway-ui-test.s3.eu-west-2.amazonaws.com/avatars/hulk",
      "total_collections": 0,
      "total_likes": 51,
      "total_photos": 64
    },
    "url": "https://motorway-ui-test.s3.eu-west-2.amazonaws.com/car-images/tMzCrBkM99Y"
  },
  {
    "id": "3ZUsNJhi_Ik",
    "created_at": "2017-08-22T00:40:30-04:00",
    "updated_at": "2020-04-14T01:06:40-04:00",
    "color": "#F3F3F9",
    "description": "High Roller",
    "alt_description": "running black Porsche sedan",
    "categories": [],
    "likes": 780,
    "user": {
      "id": "dEN2aEFe3U4",
      "updated_at": "2020-04-18T12:06:45-04:00",
      "username": "campful",
      "name": "Campbell Boulanger",
      "first_name": "Campbell",
      "last_name": "Boulanger",
      "bio": "and attack the Romulans.",
      "location": "Oklahoma ",
      "profile_image": "https://motorway-ui-test.s3.eu-west-2.amazonaws.com/avatars/hulk",
      "total_collections": 0,
      "total_likes": 4,
      "total_photos": 6
    },
    "url": "https://motorway-ui-test.s3.eu-west-2.amazonaws.com/car-images/3ZUsNJhi_Ik"
  },
  {
    "id": "A53o1drQS2k",
    "created_at": "2018-05-19T06:42:51-04:00",
    "updated_at": "2020-04-14T01:16:19-04:00",
    "color": "#040405",
    "description": "BMW Museum",
    "alt_description": "selective focus photography of assorted-color vehicles",
    "categories": [],
    "likes": 180,
    "user": {
      "id": "f-vCohLG6qY",
      "updated_at": "2020-04-14T05:48:38-04:00",
      "username": "sooprun",
      "name": "Alex Suprun",
      "first_name": "Alex",
      "last_name": "Suprun",
      "bio": "Travel time to the nearest starbase?",
      "location": "Ukraine",
      "profile_image": "https://motorway-ui-test.s3.eu-west-2.amazonaws.com/avatars/antman",
      "total_collections": 5,
      "total_likes": 265,
      "total_photos": 51
    },
    "url": "https://motorway-ui-test.s3.eu-west-2.amazonaws.com/car-images/A53o1drQS2k"
  },
  {
    "id": "yXmjBxvkoG4",
    "created_at": "2017-12-26T14:34:33-05:00",
    "updated_at": "2020-04-14T01:09:12-04:00",
    "color": "#F6F5F3",
    "description": "Lamborghini Aventador SV",
    "alt_description": "black convertible coupe on road",
    "categories": [],
    "likes": 421,
    "user": {
      "id": "nuKDH32RDaA",
      "updated_at": "2020-04-18T12:34:03-04:00",
      "username": "dhivakrishna",
      "name": "Dhiva Krishna",
      "first_name": "Dhiva",
      "last_name": "Krishna",
      "bio": "Now, how the hell do we defeat an enemy that knows us better than we know ourselves?",
      "location": null,
      "profile_image": "https://motorway-ui-test.s3.eu-west-2.amazonaws.com/avatars/spiderman",
      "total_collections": 0,
      "total_likes": 6,
      "total_photos": 8
    },
    "url": "https://motorway-ui-test.s3.eu-west-2.amazonaws.com/car-images/yXmjBxvkoG4"
  },
  {
    "id": "3akA0XDg1_g",
    "created_at": "2018-02-07T04:02:51-05:00",
    "updated_at": "2020-04-14T01:11:57-04:00",
    "color": "#EEEBE9",
    "description": null,
    "alt_description": "red Ferrari car",
    "categories": [],
    "likes": 346,
    "user": {
      "id": "ue4EPaEkN5w",
      "updated_at": "2020-04-19T03:59:05-04:00",
      "username": "antoniolio",
      "name": "Matt Antonioli",
      "first_name": "Matt",
      "last_name": "Antonioli",
      "bio": "Besides, you look good in a dress.",
      "location": "Houston, TX",
      "profile_image": "https://motorway-ui-test.s3.eu-west-2.amazonaws.com/avatars/ironman",
      "total_collections": 1,
      "total_likes": 186,
      "total_photos": 58
    },
    "url": "https://motorway-ui-test.s3.eu-west-2.amazonaws.com/car-images/3akA0XDg1_g"
  },
  {
    "id": "Hf1rAKkfMAg",
    "created_at": "2018-02-01T17:30:51-05:00",
    "updated_at": "2020-04-14T01:16:19-04:00",
    "color": "#FAFCFB",
    "description": "Clean Audi meets moody forest.",
    "alt_description": "white Audi A8 on the road surrounded of trees",
    "categories": [],
    "likes": 215,
    "user": {
      "id": "W4q-dCKiRkI",
      "updated_at": "2020-04-09T11:43:40-04:00",
      "username": "karlkoehler",
      "name": "Karl Köhler",
      "first_name": "Karl",
      "last_name": "Köhler",
      "bio": "I'll be sure to note that in my log.",
      "location": null,
      "profile_image": "https://motorway-ui-test.s3.eu-west-2.amazonaws.com/avatars/capt",
      "total_collections": 0,
      "total_likes": 197,
      "total_photos": 19
    },
    "url": "https://motorway-ui-test.s3.eu-west-2.amazonaws.com/car-images/Hf1rAKkfMAg"
  },
  {
    "id": "TNybYN-LqJo",
    "created_at": "2017-04-24T06:59:30-04:00",
    "updated_at": "2020-04-14T01:11:23-04:00",
    "color": "#FEFEFE",
    "description": "Shiny Vintage Car",
    "alt_description": "black car macro shot",
    "categories": [],
    "likes": 540,
    "user": {
      "id": "rKVog8KcITc",
      "updated_at": "2020-04-09T11:43:18-04:00",
      "username": "serge_k",
      "name": "Serge Kutuzov",
      "first_name": "Serge",
      "last_name": "Kutuzov",
      "bio": "Some days you get the bear, and some days the bear gets you. Maybe if we felt any human loss as keenly as we feel one of those close to us, human history would be far less bloody.",
      "location": "Russian Federation",
      "profile_image": "https://motorway-ui-test.s3.eu-west-2.amazonaws.com/avatars/thanos",
      "total_collections": 0,
      "total_likes": 617,
      "total_photos": 160
    },
    "url": "https://motorway-ui-test.s3.eu-west-2.amazonaws.com/car-images/TNybYN-LqJo"
  },
  {
    "id": "SZhqWnmBhRA",
    "created_at": "2018-07-22T03:39:59-04:00",
    "updated_at": "2020-04-14T01:09:37-04:00",
    "color": "#040404",
    "description": "Exotic Car",
    "alt_description": "white and red Ford Mustang",
    "categories": [],
    "likes": 173,
    "user": {
      "id": "b1Tsv7nLkTA",
      "updated_at": "2020-03-08T18:25:21-04:00",
      "username": "rithwickpr",
      "name": "rithwick. pr",
      "first_name": "rithwick.",
      "last_name": "pr",
      "bio": "Then maybe you should consider this: if anything happens to them, Starfleet is going to want a full investigation.",
      "location": "Dubai,UAE",
      "profile_image": "https://motorway-ui-test.s3.eu-west-2.amazonaws.com/avatars/ironman",
      "total_collections": 0,
      "total_likes": 11,
      "total_photos": 16
    },
    "url": "https://motorway-ui-test.s3.eu-west-2.amazonaws.com/car-images/SZhqWnmBhRA"
  },
  {
    "id": "o6yH_yAc2Ws",
    "created_at": "2019-09-06T21:17:22-04:00",
    "updated_at": "2020-04-14T01:06:15-04:00",
    "color": "#E0F4DB",
    "description": null,
    "alt_description": "green Ford Mustang on road",
    "categories": [],
    "likes": 149,
    "user": {
      "id": "XGPb9vqelBg",
      "updated_at": "2020-04-17T21:02:01-04:00",
      "username": "stevenbinotto",
      "name": "Steven Binotto",
      "first_name": "Steven",
      "last_name": "Binotto",
      "bio": "Mr. Worf, you sound like a man who's asking his friend if he can start dating his sister.",
      "location": null,
      "profile_image": "https://motorway-ui-test.s3.eu-west-2.amazonaws.com/avatars/widow",
      "total_collections": 0,
      "total_likes": 114,
      "total_photos": 93
    },
    "url": "https://motorway-ui-test.s3.eu-west-2.amazonaws.com/car-images/o6yH_yAc2Ws"
  },
  {
    "id": "7nrsVjvALnA",
    "created_at": "2016-06-09T00:40:50-04:00",
    "updated_at": "2020-04-14T01:02:23-04:00",
    "color": "#EEC834",
    "description": "Shanghai interchange",
    "alt_description": "aerial photography of concrete roads",
    "categories": [],
    "likes": 3729,
    "user": {
      "id": "ZLK6ziloW8Y",
      "updated_at": "2020-04-19T14:17:26-04:00",
      "username": "dnevozhai",
      "name": "Denys Nevozhai",
      "first_name": "Denys",
      "last_name": "Nevozhai",
      "bio": "Not if I weaken first. ",
      "location": "San Francisco Bay Area",
      "profile_image": "https://motorway-ui-test.s3.eu-west-2.amazonaws.com/avatars/thanos",
      "total_collections": 0,
      "total_likes": 120,
      "total_photos": 134
    },
    "url": "https://motorway-ui-test.s3.eu-west-2.amazonaws.com/car-images/7nrsVjvALnA"
  },
  {
    "id": "_omYGHPwGEU",
    "created_at": "2018-02-18T15:52:34-05:00",
    "updated_at": "2020-04-07T01:12:46-04:00",
    "color": "#F994A8",
    "description": null,
    "alt_description": "photography of two cars inside building",
    "categories": [],
    "likes": 260,
    "user": {
      "id": "za_RWdPhQTs",
      "updated_at": "2020-04-17T23:25:40-04:00",
      "username": "aldyrkhanov",
      "name": "Artur Aldyrkhanov",
      "first_name": "Artur",
      "last_name": "Aldyrkhanov",
      "bio": "I suggest you drop it, Mr. Data.",
      "location": "Marseille, France",
      "profile_image": "https://motorway-ui-test.s3.eu-west-2.amazonaws.com/avatars/warmachine",
      "total_collections": 1,
      "total_likes": 116,
      "total_photos": 148
    },
    "url": "https://motorway-ui-test.s3.eu-west-2.amazonaws.com/car-images/_omYGHPwGEU"
  },
  {
    "id": "aiwuLjLPFnU",
    "created_at": "2017-04-26T16:33:55-04:00",
    "updated_at": "2020-04-14T01:07:44-04:00",
    "color": "#FC0301",
    "description": "Road Warrior",
    "alt_description": "black Audi R8 parked beside road",
    "categories": [],
    "likes": 770,
    "user": {
      "id": "Pbutf_x5UfQ",
      "updated_at": "2020-03-25T00:01:42-04:00",
      "username": "ev25",
      "name": "Evgeny Tchebotarev",
      "first_name": "Evgeny",
      "last_name": "Tchebotarev",
      "bio": "Maybe if we felt any human loss as keenly as we feel one of those close to us, human history would be far less bloody.",
      "location": "Taipei, Taiwan",
      "profile_image": "https://motorway-ui-test.s3.eu-west-2.amazonaws.com/avatars/panther",
      "total_collections": 0,
      "total_likes": 0,
      "total_photos": 5
    },
    "url": "https://motorway-ui-test.s3.eu-west-2.amazonaws.com/car-images/aiwuLjLPFnU"
  },
  {
    "id": "N9Pf2J656aQ",
    "created_at": "2017-05-15T23:48:22-04:00",
    "updated_at": "2020-04-14T01:04:34-04:00",
    "color": "#FEFEFD",
    "description": "Just wondering how my photography of my car does on unsplash",
    "alt_description": "black Ford Mustang GT",
    "categories": [],
    "likes": 546,
    "user": {
      "id": "1NNUgAxib30",
      "updated_at": "2020-04-02T17:05:02-04:00",
      "username": "lance_asper",
      "name": "Lance Asper",
      "first_name": "Lance",
      "last_name": "Asper",
      "bio": "You enjoyed that.",
      "location": "Jacksonville, florida",
      "profile_image": "https://motorway-ui-test.s3.eu-west-2.amazonaws.com/avatars/thanos",
      "total_collections": 0,
      "total_likes": 274,
      "total_photos": 70
    },
    "url": "https://motorway-ui-test.s3.eu-west-2.amazonaws.com/car-images/N9Pf2J656aQ"
  },
  {
    "id": "9LMd9iiVL9Y",
    "created_at": "2018-04-05T08:48:15-04:00",
    "updated_at": "2020-04-14T01:07:00-04:00",
    "color": "#E6E8E4",
    "description": "Lost in a dream",
    "alt_description": "blue car near forest",
    "categories": [],
    "likes": 258,
    "user": {
      "id": "BEvosTCD268",
      "updated_at": "2020-04-16T12:28:31-04:00",
      "username": "janfillem",
      "name": "JanFillem",
      "first_name": "JanFillem",
      "last_name": null,
      "bio": "I recommend you don't fire until you're within 40,000 kilometers.",
      "location": null,
      "profile_image": "https://motorway-ui-test.s3.eu-west-2.amazonaws.com/avatars/ironman",
      "total_collections": 0,
      "total_likes": 8,
      "total_photos": 22
    },
    "url": "https://motorway-ui-test.s3.eu-west-2.amazonaws.com/car-images/9LMd9iiVL9Y"
  },
  {
    "id": "aTX_bRaOZnA",
    "created_at": "2017-12-11T18:52:34-05:00",
    "updated_at": "2020-04-14T01:07:44-04:00",
    "color": "#EC8C94",
    "description": null,
    "alt_description": "black and red Lamborghini Aventador SV rear left side",
    "categories": [],
    "likes": 580,
    "user": {
      "id": "zVxUtTJrLJk",
      "updated_at": "2020-04-16T11:20:01-04:00",
      "username": "cspek",
      "name": "Chris Nguyen",
      "first_name": "Chris",
      "last_name": "Nguyen",
      "bio": "We could cause a diplomatic crisis. Take the ship into the Neutral Zone",
      "location": "Orange County, California",
      "profile_image": "https://motorway-ui-test.s3.eu-west-2.amazonaws.com/avatars/spiderman",
      "total_collections": 0,
      "total_likes": 4,
      "total_photos": 29
    },
    "url": "https://motorway-ui-test.s3.eu-west-2.amazonaws.com/car-images/aTX_bRaOZnA"
  },
  {
    "id": "gts_Eh4g1lk",
    "created_at": "2017-07-01T01:46:11-04:00",
    "updated_at": "2020-04-14T01:11:38-04:00",
    "color": "#F5A893",
    "description": null,
    "alt_description": "closeup photo of black analog speedometer",
    "categories": [],
    "likes": 521,
    "user": {
      "id": "vsZait6dtqc",
      "updated_at": "2020-04-19T21:46:58-04:00",
      "username": "chuttersnap",
      "name": "chuttersnap",
      "first_name": "chuttersnap",
      "last_name": null,
      "bio": "Smooth as an android's bottom, eh, Data?",
      "location": "Singapore",
      "profile_image": "https://motorway-ui-test.s3.eu-west-2.amazonaws.com/avatars/spiderman",
      "total_collections": 1,
      "total_likes": 1364,
      "total_photos": 3068
    },
    "url": "https://motorway-ui-test.s3.eu-west-2.amazonaws.com/car-images/gts_Eh4g1lk"
  },
  {
    "id": "nm_UwlzQe_Q",
    "created_at": "2017-03-16T13:57:31-04:00",
    "updated_at": "2020-04-14T01:10:18-04:00",
    "color": "#FFAF00",
    "description": null,
    "alt_description": "red coupe parked in front of black and gray building during daytime",
    "categories": [],
    "likes": 727,
    "user": {
      "id": "rKVog8KcITc",
      "updated_at": "2020-04-09T11:43:18-04:00",
      "username": "serge_k",
      "name": "Serge Kutuzov",
      "first_name": "Serge",
      "last_name": "Kutuzov",
      "bio": "This is not about revenge. This is about justice.",
      "location": "Russian Federation",
      "profile_image": "https://motorway-ui-test.s3.eu-west-2.amazonaws.com/avatars/ironman",
      "total_collections": 0,
      "total_likes": 617,
      "total_photos": 160
    },
    "url": "https://motorway-ui-test.s3.eu-west-2.amazonaws.com/car-images/nm_UwlzQe_Q"
  },
  {
    "id": "h8UQV31X5AI",
    "created_at": "2018-02-03T10:45:46-05:00",
    "updated_at": "2020-04-14T01:14:09-04:00",
    "color": "#FDF4CB",
    "description": "Light of a Ferrari 458 in the streets of London.",
    "alt_description": "red car on street",
    "categories": [],
    "likes": 520,
    "user": {
      "id": "kCJ9uCnJGaY",
      "updated_at": "2020-04-12T16:37:04-04:00",
      "username": "marckleen",
      "name": "Marc Kleen",
      "first_name": "Marc",
      "last_name": "Kleen",
      "bio": "Not if I weaken first. ",
      "location": "Haarlem, the Netherlands",
      "profile_image": "https://motorway-ui-test.s3.eu-west-2.amazonaws.com/avatars/antman",
      "total_collections": 16,
      "total_likes": 180,
      "total_photos": 111
    },
    "url": "https://motorway-ui-test.s3.eu-west-2.amazonaws.com/car-images/h8UQV31X5AI"
  },
  {
    "id": "qyfco1nfMtg",
    "created_at": "2019-03-24T11:18:09-04:00",
    "updated_at": "2020-04-14T01:10:18-04:00",
    "color": "#FEFBF5",
    "description": "Instagram: @haakonz \nhttps://www.instagram.com/haakonz/",
    "alt_description": "red Mercedes-Benz coupe on road",
    "categories": [],
    "likes": 116,
    "user": {
      "id": "xfrJKhSA8dk",
      "updated_at": "2020-04-20T01:28:55-04:00",
      "username": "haakon",
      "name": "Håkon Sataøen",
      "first_name": "Håkon",
      "last_name": "Sataøen",
      "bio": "Computer, belay that order.",
      "location": "Geilo, Norway",
      "profile_image": "https://motorway-ui-test.s3.eu-west-2.amazonaws.com/avatars/ironman",
      "total_collections": 0,
      "total_likes": 29,
      "total_photos": 49
    },
    "url": "https://motorway-ui-test.s3.eu-west-2.amazonaws.com/car-images/qyfco1nfMtg"
  },
  {
    "id": "iflRMZelx0M",
    "created_at": "2017-09-29T03:57:35-04:00",
    "updated_at": "2020-04-14T01:09:12-04:00",
    "color": "#ECE9E5",
    "description": "RED",
    "alt_description": "red Ford Mustang coupe parked beside the building",
    "categories": [],
    "likes": 366,
    "user": {
      "id": "hEE-Vjw--6M",
      "updated_at": "2019-11-29T20:11:05-05:00",
      "username": "traumr",
      "name": "Rishab Lamichhane",
      "first_name": "Rishab",
      "last_name": "Lamichhane",
      "bio": "I am your worst nightmare!",
      "location": "Sydney, Australia",
      "profile_image": "https://motorway-ui-test.s3.eu-west-2.amazonaws.com/avatars/panther",
      "total_collections": 0,
      "total_likes": 277,
      "total_photos": 12
    },
    "url": "https://motorway-ui-test.s3.eu-west-2.amazonaws.com/car-images/iflRMZelx0M"
  },
  {
    "id": "f_SDCASisgs",
    "created_at": "2017-08-26T04:33:38-04:00",
    "updated_at": "2020-04-07T01:19:52-04:00",
    "color": "#EBE2DD",
    "description": "Ferrari 70th anniversary drive",
    "alt_description": "panning photography of Ferrari 458 on road",
    "categories": [],
    "likes": 250,
    "user": {
      "id": "9sIFlrvaTt8",
      "updated_at": "2020-04-16T15:06:42-04:00",
      "username": "gohrhyyan",
      "name": "Goh Rhy Yan",
      "first_name": "Goh",
      "last_name": "Rhy Yan",
      "bio": "Now, how the hell do we defeat an enemy that knows us better than we know ourselves?",
      "location": "Singapore",
      "profile_image": "https://motorway-ui-test.s3.eu-west-2.amazonaws.com/avatars/hulk",
      "total_collections": 1,
      "total_likes": 15,
      "total_photos": 134
    },
    "url": "https://motorway-ui-test.s3.eu-west-2.amazonaws.com/car-images/f_SDCASisgs"
  },
  {
    "id": "IOI3KCYsn0o",
    "created_at": "2016-05-04T17:21:59-04:00",
    "updated_at": "2020-04-14T01:13:52-04:00",
    "color": "#EFF4F5",
    "description": null,
    "alt_description": "black Audi vehicle steering wheel",
    "categories": [],
    "likes": 97,
    "user": {
      "id": "worKDSXm1Yw",
      "updated_at": "2020-04-20T06:02:28-04:00",
      "username": "rpnickson",
      "name": "Roberto Nickson",
      "first_name": "Roberto",
      "last_name": "Nickson",
      "bio": "Yesterday I did not know how to eat gagh.",
      "location": "Los Angeles, CA",
      "profile_image": "https://motorway-ui-test.s3.eu-west-2.amazonaws.com/avatars/warmachine",
      "total_collections": 0,
      "total_likes": 7,
      "total_photos": 290
    },
    "url": "https://motorway-ui-test.s3.eu-west-2.amazonaws.com/car-images/IOI3KCYsn0o"
  },
  {
    "id": "FMbWFDiVRPs",
    "created_at": "2017-01-24T16:01:02-05:00",
    "updated_at": "2020-04-14T01:04:45-04:00",
    "color": "#FBFBFB",
    "description": "Mercedes minimal silhouette",
    "alt_description": "black sedan",
    "categories": [],
    "likes": 523,
    "user": {
      "id": "c3C_ckqq708",
      "updated_at": "2020-04-04T06:50:30-04:00",
      "username": "samuele_piccarini",
      "name": "Samuele Errico Piccarini",
      "first_name": "Samuele",
      "last_name": "Errico Piccarini",
      "bio": "Fate. It protects fools, little children, and ships named \"Enterprise.\"",
      "location": "Torino, Italy",
      "profile_image": "https://motorway-ui-test.s3.eu-west-2.amazonaws.com/avatars/marvel",
      "total_collections": 0,
      "total_likes": 123,
      "total_photos": 19
    },
    "url": "https://motorway-ui-test.s3.eu-west-2.amazonaws.com/car-images/FMbWFDiVRPs"
  },
  {
    "id": "-6zl660pz3U",
    "created_at": "2019-02-04T09:00:44-05:00",
    "updated_at": "2020-03-28T01:05:08-04:00",
    "color": "#F5F5F6",
    "description": null,
    "alt_description": "yellow Lamborghini vehicle close-up photo",
    "categories": [],
    "likes": 75,
    "user": {
      "id": "8KnHseHcGDY",
      "updated_at": "2020-04-19T19:00:26-04:00",
      "username": "viktortheo",
      "name": "Viktor Theo",
      "first_name": "Viktor",
      "last_name": "Theo",
      "bio": "About four years. I got tired of hearing how young I looked.",
      "location": null,
      "profile_image": "https://motorway-ui-test.s3.eu-west-2.amazonaws.com/avatars/ironman",
      "total_collections": 0,
      "total_likes": 10,
      "total_photos": 152
    },
    "url": "https://motorway-ui-test.s3.eu-west-2.amazonaws.com/car-images/-6zl660pz3U"
  },
  {
    "id": "fxliDZFt-qY",
    "created_at": "2018-01-01T23:43:03-05:00",
    "updated_at": "2020-04-14T01:09:57-04:00",
    "color": "#0A1114",
    "description": null,
    "alt_description": "selective focus photography of red sports coupe",
    "categories": [],
    "likes": 302,
    "user": {
      "id": "53TcDZ1S1ro",
      "updated_at": "2020-04-09T11:44:51-04:00",
      "username": "eagleeyevisuals",
      "name": "Alistair Smith",
      "first_name": "Alistair",
      "last_name": "Smith",
      "bio": "I'll be sure to note that in my log.",
      "location": "Auckland, New Zealand",
      "profile_image": "https://motorway-ui-test.s3.eu-west-2.amazonaws.com/avatars/capt",
      "total_collections": 0,
      "total_likes": 0,
      "total_photos": 3
    },
    "url": "https://motorway-ui-test.s3.eu-west-2.amazonaws.com/car-images/fxliDZFt-qY"
  },
  {
    "id": "vw0AmpZvHZg",
    "created_at": "2017-05-13T13:49:22-04:00",
    "updated_at": "2020-04-14T01:10:39-04:00",
    "color": "#FE8C04",
    "description": "powerhouse",
    "alt_description": "red car near trees",
    "categories": [],
    "likes": 428,
    "user": {
      "id": "SdX50g7LAkY",
      "updated_at": "2020-01-06T08:38:23-05:00",
      "username": "kartikbhattacharjee",
      "name": "Kartik Bhattacharjee",
      "first_name": "Kartik",
      "last_name": "Bhattacharjee",
      "bio": "I can't. As much as I care about you, my first duty is to the ship.",
      "location": "india ",
      "profile_image": "https://motorway-ui-test.s3.eu-west-2.amazonaws.com/avatars/thanos",
      "total_collections": 0,
      "total_likes": 23,
      "total_photos": 17
    },
    "url": "https://motorway-ui-test.s3.eu-west-2.amazonaws.com/car-images/vw0AmpZvHZg"
  }
]
